"marker_name","lg","dist","nmark"
"BobWhite_c10017_644","7B",57.8770874263704,62
"BobWhite_c10022_471","5D",97.6060350928304,26
"BobWhite_c10171_323","6B",130.90651546482,64
"BobWhite_c10171_323","7D",21.7204318754307,32
"BobWhite_c10173_317","1B",48.3570861342897,87
"BobWhite_c10238_127","2B",96.2688873317998,82
"BobWhite_c10240_434","5D",76.3993329669315,26
"BobWhite_c1027_360","1A",144.854303722711,52
"BobWhite_c10399_401","1D",1.94115080797902,26
"BobWhite_c10476_790","3B",78.75795441557,63
"BobWhite_c10483_531","6A",80.6821093052174,54
"BobWhite_c104_89","1A",114.970235334366,52
"BobWhite_c10542_532","1A",125.053053790288,52
"BobWhite_c10574_193","4B",71.1685695597633,37
"BobWhite_c10578_272","2B",99.3210820332687,82
"BobWhite_c10583_352","4A",131.364827574255,49
"BobWhite_c10610_1096","4A",110.400298924453,49
"BobWhite_c10610_149","4A",91.2223297998421,49
"BobWhite_c10627_354","4A",163.70519752346,49
"BobWhite_c1082_134","6A",85.8670856737727,54
"BobWhite_c10832_1131","6A",138.193519440059,54
"BobWhite_c1085_412","7A",99.9090336794866,67
"BobWhite_c10954_467","5B",2.96977464744736,75
"BobWhite_c10975_60","7B",168.297271737403,62
"BobWhite_c10977_834","1D",104.60707094099,26
"BobWhite_c11000_1049","3B",154.084844062328,63
"BobWhite_c11000_806","3D",129.633440325332,23
"BobWhite_c11000_935","3A",204.820230500793,45
"BobWhite_c11005_236","4B",61.1222949341537,37
"BobWhite_c11022_78","2A",7.2082944181861,53
"BobWhite_c11036_842","1B",58.4841632563554,87
"BobWhite_c11038_605","5B",144.312032216007,75
"BobWhite_c11042_284","6B",39.6413572963312,64
"BobWhite_c11044_322","1B",53.631022988126,87
"BobWhite_c11161_270","7B",65.21109609451,62
"BobWhite_c11178_914","2A",111.912941531792,53
"BobWhite_c11309_738","1B",94.0425543642819,87
"BobWhite_c11397_208","2B",19.209942254817,82
"BobWhite_c11397_231","2B",9.2363869747485,82
"BobWhite_c11407_177","5A",13.0513157643564,62
"BobWhite_c11460_291","1B",65.4735006652378,87
"BobWhite_c11495_120","5B",106.720687209775,75
"BobWhite_c11608_78","2A",50.7443422819769,53
"BobWhite_c11615_268","3B",61.2955606958107,63
"BobWhite_c11621_123","3B",72.124059884701,63
"BobWhite_c11652_421","6A",56.4411544944873,54
"BobWhite_c11692_148","1A",122.299396549788,52
"BobWhite_c11739_325","2B",63.5245455807484,82
"BobWhite_c11756_79","1B",136.903599545806,87
"BobWhite_c11861_557","5B",63.271625241966,75
"BobWhite_c11895_332","5B",37.0271625484536,75
"BobWhite_c12013_275","6B",78.7618850196392,64
"BobWhite_c12032_371","6D",119.707816769408,15
"BobWhite_c12090_117","2D",74.7158535939471,38
"BobWhite_c12134_1140","2B",124.227425781685,82
"BobWhite_c1214_798","2B",55.4203065561553,82
"BobWhite_c1215_240","7A",134.907083093941,67
"BobWhite_c12154_199","5D",71.9983378916096,26
"BobWhite_c12157_747","2B",120.248511118329,82
"BobWhite_c12261_130","6A",123.058844611471,54
"BobWhite_c12302_368","7A",147.815762077545,67
"BobWhite_c12316_383","7D",26.3189757187839,32
"BobWhite_c12355_1548","7B",173.599740174031,62
"BobWhite_c12355_1590","7B",158.168842867535,62
"BobWhite_c12360_401","3B",45.978261424367,63
"BobWhite_c12457_433","3B",79.6226161718994,63
"BobWhite_c12695_394","1B",51.9185638568568,87
"BobWhite_c12752_410","3A",41.8234255408667,45
"BobWhite_c12846_389","6B",8.66609537780906,64
"BobWhite_c12889_390","7B",59.058177114072,62
"BobWhite_c13098_526","7B",64.7929071825057,62
"BobWhite_c1318_691","1B",80.1415944365109,87
"BobWhite_c13202_312","6B",118.0996895724,64
"BobWhite_c13322_215","4A",65.4212785701316,49
"BobWhite_c13358_203","6B",91.2935938751102,64
"BobWhite_c13378_662","1B",39.4917933686091,87
"BobWhite_c13381_101","3B",95.2954682388835,63
"BobWhite_c13428_455","5B",77.1161767091916,75
"BobWhite_c13431_1372","7A",206.742885160277,67
"BobWhite_c13455_112","2B",90.2686553924143,82
"BobWhite_c1354_386","7D",22.4685486127971,32
"BobWhite_c1361_1187","1A",10.7921229182972,52
"BobWhite_c13654_447","1B",30.6494422843292,87
"BobWhite_c13704_244","3A",111.040161793216,45
"BobWhite_c13761_242","1A",105.525222314335,52
"BobWhite_c13845_195","6A",96.0850441385339,54
"BobWhite_c1387_798","5A",82.0934107918899,62
"BobWhite_c13977_91","6B",59.7708462300037,64
"BobWhite_c14032_277","1D",17.8938765510964,26
"BobWhite_c14076_98","3B",86.3435230208146,63
"BobWhite_c14092_485","5B",39.4088499160814,75
"BobWhite_c1412_76","2B",123.989081966074,82
"BobWhite_c14159_528","5A",49.2954827967414,62
"BobWhite_c14223_602","5A",49.4065646318208,62
"BobWhite_c14258_434","1B",54.0580068488112,87
"BobWhite_c14291_666","5A",64.9956943953224,62
"BobWhite_c14360_420","5B",154.29833023182,75
"BobWhite_c14362_86","1B",103.409410250413,87
"BobWhite_c14365_59","3B",67.4934003700183,63
"BobWhite_c14378_729","5A",37.1445476881589,62
"BobWhite_c1441_1078","7A",137.979432977035,67
"BobWhite_c1441_1123","7A",136.793752771461,67
"BobWhite_c14476_80","2A",100.391444174248,53
"BobWhite_c14495_230","4A",140.676065265891,49
"BobWhite_c1452_859","5A",5.93539128440175,62
"BobWhite_c14530_51","2A",90.84219521297,53
"BobWhite_c1456_615","1B",76.2692515649635,87
"BobWhite_c14619_562","5B",152.065282089766,75
"BobWhite_c14672_935","7A",138.948060878977,67
"BobWhite_c14705_487","5A",32.8637299130973,62
"BobWhite_c1472_59","2B",123.045221152677,82
"BobWhite_c149_3064","7A",156.728271728301,67
"BobWhite_c14938_411","3B",72.2480468087212,63
"BobWhite_c14968_538","5A",26.0973640618387,62
"BobWhite_c14991_512","5A",19.195538710365,62
"BobWhite_c1499_59","3B",67.8539175710695,63
"BobWhite_c15035_469","2B",4.71585185168742,82
"BobWhite_c15146_985","7B",67.071243111805,62
"BobWhite_c15186_96","7B",82.350063044905,62
"BobWhite_c15215_550","4A",147.03094987432,49
"BobWhite_c1527_257","3D",8.6650854812785,23
"BobWhite_c15406_510","5B",189.039020465316,75
"BobWhite_c15454_63","5A",41.1107550176448,62
"BobWhite_c15455_389","5B",121.161814598397,75
"BobWhite_c15476_88","5A",100.161057790842,62
"BobWhite_c15529_288","4B",115.245437585996,37
"BobWhite_c15582_253","3A",174.668513026611,45
"BobWhite_c15647_606","5D",64.523092440872,26
"BobWhite_c15653_484","6B",71.914005302774,64
"BobWhite_c15758_79","5A",67.1031058154031,62
"BobWhite_c15763_205","3B",116.554730948656,63
"BobWhite_c15796_315","7B",57.720289904514,62
"BobWhite_c15802_720","6A",23.5605039448702,54
"BobWhite_c15867_215","2A",122.617680451249,53
"BobWhite_c15870_540","6A",34.6916854695427,54
"BobWhite_c1593_539","4A",28.8081177577905,49
"BobWhite_c15977_107","6A",63.6340347838248,54
"BobWhite_c160_492","7B",165.282985503051,62
"BobWhite_c16130_362","2B",94.6635380541582,82
"BobWhite_c16143_217","5B",58.1808125896135,75
"BobWhite_c16158_58","7A",140.629809938749,67
"BobWhite_c16159_288","1A",147.32324365423,52
"BobWhite_c16182_53","6A",24.0592158067292,54
"BobWhite_c16301_60","6B",75.8632607707472,64
"BobWhite_c16317_641","7A",144.169066822041,67
"BobWhite_c16317_75","3B",129.426986577079,63
"BobWhite_c1635_691","7A",203.762510180973,67
"BobWhite_c16397_524","5A",103.071628920551,62
"BobWhite_c1654_440","2B",97.1712728737153,82
"BobWhite_c1656_186","4B",4.41210157076605,37
"BobWhite_c16578_171","5D",194.555816582363,26
"BobWhite_c16654_166","5A",33.0621805139784,62
"BobWhite_c16655_421","2D",33.4802082128901,38
"BobWhite_c16735_131","2B",100.945088728808,82
"BobWhite_c16735_176","2B",96.6891625522575,82
"BobWhite_c16787_205","7B",58.8124425683097,62
"BobWhite_c16847_99","3B",63.027862701869,63
"BobWhite_c16916_658","5B",169.091602093655,75
"BobWhite_c16930_937","5A",31.219351861972,62
"BobWhite_c16987_106","5B",63.1236438270683,75
"BobWhite_c17047_268","2B",13.9996333815182,82
"BobWhite_c17095_237","7A",139.479222006221,67
"BobWhite_c17133_107","5A",22.3366534931153,62
"BobWhite_c17133_595","5A",12.8275666327222,62
"BobWhite_c1715_887","1D",12.3291044494377,26
"BobWhite_c17191_297","3B",73.2660638678282,63
"BobWhite_c17403_635","2A",130.406182577593,53
"BobWhite_c1740_97","3A",66.6979940838692,45
"BobWhite_c17445_83","5A",90.3993889941807,62
"BobWhite_c17457_89","4B",71.2665841628394,37
"BobWhite_c17473_156","5A",9.07030553570685,62
"BobWhite_c17544_571","7B",61.0478311582231,62
"BobWhite_c17644_112","1B",79.9676217691876,87
"BobWhite_c17735_131","5B",72.5511549652813,75
"BobWhite_c17735_254","5B",67.5870533778589,75
"BobWhite_c17737_911","4A",105.85978633895,49
"BobWhite_c17739_82","2A",106.745898115885,53
"BobWhite_c17767_55","2B",149.862648421239,82
"BobWhite_c17782_194","2B",160.507430512308,82
"BobWhite_c17845_631","5D",160.11102856096,26
"BobWhite_c17899_1160","4B",91.4074570969826,37
"BobWhite_c17906_121","3B",64.0020700735891,63
"BobWhite_c18017_209","6A",78.4808728816141,54
"BobWhite_c18208_142","1B",70.5699595059915,87
"BobWhite_c18256_809","3D",11.2402615566179,23
"BobWhite_c18267_473","4A",151.912479096584,49
"BobWhite_c18287_327","5A",29.1494603572006,62
"BobWhite_c18433_76","5A",20.0674230860171,62
"BobWhite_c18540_351","2B",105.448562625615,82
"BobWhite_c18540_97","2B",128.812923893041,82
"BobWhite_c18566_106","6B",1.75180073127462,64
"BobWhite_c18672_757","2B",107.829980614312,82
"BobWhite_c18681_273","5A",25.3118388752472,62
"BobWhite_c18873_582","2A",110.186925791845,53
"BobWhite_c18906_680","2D",83.6986097420734,38
"BobWhite_c18917_640","7A",233.301659161523,67
"BobWhite_c1895_1953","3B",84.6412944857633,63
"BobWhite_c19155_246","5A",77.7799897911358,62
"BobWhite_c19298_232","6B",125.95036925402,64
"BobWhite_c1930_153","5D",66.6642226872244,26
"BobWhite_c19346_434","7A",175.930349813488,67
"BobWhite_c19647_159","6A",71.9296523796318,54
"BobWhite_c1971_839","2D",88.5459999733249,38
"BobWhite_c19725_1329","3B",74.4584418557034,63
"BobWhite_c19733_149","1A",121.843202024586,52
"BobWhite_c19733_149","1B",105.313635467506,87
"BobWhite_c19820_129","6A",87.1204649470267,54
"BobWhite_c19875_271","7A",124.268295172545,67
"BobWhite_c19919_516","4A",76.0277197864877,49
"BobWhite_c19945_341","2B",13.5647131394301,82
"BobWhite_c19984_124","4B",58.0294512939047,37
"BobWhite_c19985_446","5A",9.60598581564578,62
"BobWhite_c20015_225","1B",54.1003460314674,87
"BobWhite_c20015_300","1B",82.3469837921471,87
"BobWhite_c20041_224","3A",115.427109092207,45
"BobWhite_c20051_53","4B",53.3383108770917,37
"BobWhite_c20111_193","7B",113.877578083062,62
"BobWhite_c20158_834","2B",169.107867143882,82
"BobWhite_c20163_456","4A",47.7466369719298,49
"BobWhite_c20183_215","4B",44.7639413887936,37
"BobWhite_c20266_115","7B",64.4355363189247,62
"BobWhite_c20282_164","4A",93.9146729007714,49
"BobWhite_c20382_117","4A",162.82080993125,49
"BobWhite_c20531_248","4A",154.545771021686,49
"BobWhite_c20553_568","1A",131.226187903918,52
"BobWhite_c20558_374","7A",56.3448527236892,67
"BobWhite_c2058_367","2A",114.581035911772,53
"BobWhite_c20591_89","1D",176.566384033554,26
"BobWhite_c20673_447","3A",47.4617097300697,45
"BobWhite_c20689_427","4D",93.6904044548934,8
"BobWhite_c2069_1096","3B",3.05217775123965,63
"BobWhite_c20706_135","6A",76.4671436136651,54
"BobWhite_c20748_123","5D",211.944401820138,26
"BobWhite_c20763_343","4A",137.288275951993,49
"BobWhite_c20782_697","6A",85.5177395123086,54
"BobWhite_c20959_229","6B",8.55473294016457,64
"BobWhite_c20974_103","5A",72.9209846829199,62
"BobWhite_c21006_553","7A",118.157198806098,67
"BobWhite_c21129_830","7B",159.00095839183,62
"BobWhite_c2135_96","1D",133.661753123962,26
"BobWhite_c2143_229","6A",86.1384532671864,54
"BobWhite_c21460_140","2D",65.7098766870956,38
"BobWhite_c21482_192","5B",134.533884322442,75
"BobWhite_c21540_63","3A",187.819738293532,45
"BobWhite_c21705_196","2B",108.421129581965,82
"BobWhite_c21705_722","2B",85.0119740692215,82
"BobWhite_c21827_104","2B",118.699752329063,82
"BobWhite_c21904_1214","4A",42.1956297450107,49
"BobWhite_c22036_399","5B",129.278487610971,75
"BobWhite_c22086_444","6A",35.6336450222388,54
"BobWhite_c22106_204","2B",114.132638250318,82
"BobWhite_c22134_398","1A",103.572415113214,52
"BobWhite_c22176_230","4A",115.353793534119,49
"BobWhite_c22256_79","1A",63.5104096860068,52
"BobWhite_c22256_79","1D",2.07078428686358,26
"BobWhite_c22266_315","1B",58.8953698939069,87
"BobWhite_c2236_111","5A",49.8900472860295,62
"BobWhite_c22370_352","3B",78.3090322901086,63
"BobWhite_c2244_314","2A",130.363747554594,53
"BobWhite_c22447_112","3B",137.996305641382,63
"BobWhite_c22492_193","7A",64.1487778645503,67
"BobWhite_c22638_135","6B",66.0008228776155,64
"BobWhite_c22655_494","7B",85.59591687392,62
"BobWhite_c22710_152","1B",96.8878756311357,87
"BobWhite_c22710_152","1D",107.536576418015,26
"BobWhite_c22728_257","2B",97.9284365302877,82
"BobWhite_c22728_78","2B",105.646529684709,82
"BobWhite_c22767_189","6B",50.8590439797082,64
"BobWhite_c22794_470","3B",86.155735558948,63
"BobWhite_c22827_193","6B",73.3074552062958,64
"BobWhite_c2296_94","6A",138.426250949472,54
"BobWhite_c2296_94","6B",121.234255811655,64
"BobWhite_c2297_1853","1B",36.2710680041979,87
"BobWhite_c2297_1853","6D",19.2352710061347,15
"BobWhite_c23052_196","2B",139.640681605591,82
"BobWhite_c23052_196","3B",89.3035571072715,63
"BobWhite_c23054_1192","2B",106.130409101912,82
"BobWhite_c23054_1464","2B",109.60081792739,82
"BobWhite_c23074_304","7B",66.6658266300565,62
"BobWhite_c23146_84","7A",132.447057663664,67
"BobWhite_c23220_233","5A",65.227009898293,62
"BobWhite_c23220_233","5B",43.7234935448107,75
"BobWhite_c23272_564","3D",118.881842215792,23
"BobWhite_c23392_496","3A",34.0031569002301,45
"BobWhite_c23455_184","7B",92.8856847711421,62
"BobWhite_c23569_434","5B",50.0560633288329,75
"BobWhite_c23638_138","5D",99.4806522759665,26
"BobWhite_c23689_742","2B",164.419334291082,82
"BobWhite_c23714_130","5B",9.48763499030651,75
"BobWhite_c23828_306","6B",14.708216204196,64
"BobWhite_c23828_341","6B",41.1344078134079,64
"BobWhite_c23828_884","6B",26.9664489383796,64
"BobWhite_c23839_119","6A",85.9191341794334,54
"BobWhite_c23918_208","7A",140.133285658254,67
"BobWhite_c23918_871","7A",109.165786138792,67
"BobWhite_c23997_952","6D",3.85420469094532,15
"BobWhite_c24021_254","2D",75.8393198729319,38
"BobWhite_c24096_215","7B",151.310738229187,62
"BobWhite_c24113_529","1A",73.0884051066795,52
"BobWhite_c2423_99","2B",108.21166626351,82
"BobWhite_c24295_777","7A",117.563031632429,67
"BobWhite_c24365_1134","3A",88.8825774180734,45
"BobWhite_c24405_502","7B",69.3702666064948,62
"BobWhite_c24457_126","3B",83.7628581760914,63
"BobWhite_c24495_282","2A",69.6820202565844,53
"BobWhite_c24495_465","2A",27.7339562169379,53
"BobWhite_c2453_253","3B",6.4891840209381,63
"BobWhite_c2453_282","3B",17.4126344606532,63
"BobWhite_c2453_340","3A",22.1590756603605,45
"BobWhite_c24718_225","3B",77.7469716937754,63
"BobWhite_c24745_419","4B",14.8651051245838,37
"BobWhite_c24750_122","3D",139.659860353033,23
"BobWhite_c24750_122","6A",12.0789424412089,54
"BobWhite_c24774_186","3B",76.8717744861676,63
"BobWhite_c24803_563","7A",79.7076198228696,67
"BobWhite_c2486_239","3B",129.650944194268,63
"BobWhite_c24981_409","6A",48.9419689828364,54
"BobWhite_c25015_1218","4A",131.294858083334,49
"BobWhite_c25110_98","3D",8.80302965549732,23
"BobWhite_c2512_1588","2A",44.7215745250458,53
"BobWhite_c2512_1588","7A",30.6425124044449,67
"BobWhite_c2514_109","7B",131.521366655827,62
"BobWhite_c25359_132","2B",29.3402781781492,82
"BobWhite_c25527_109","7A",215.009250205742,67
"BobWhite_c25527_313","7A",218.159341841124,67
"BobWhite_c25670_425","3B",22.2396977770329,63
"BobWhite_c2568_115","6A",86.9441529320489,54
"BobWhite_c2570_682","3A",7.01410355495942,45
"BobWhite_c25764_348","2A",137.921398226647,53
"BobWhite_c2585_1156","2B",88.8827240772327,82
"BobWhite_c25941_205","5A",8.06296347069235,62
"BobWhite_c26045_230","1B",60.7916163981082,87
"BobWhite_c26082_239","5B",152.277507042634,75
"BobWhite_c26201_275","7B",76.9115687732717,62
"BobWhite_c26259_248","2A",113.526806261338,53
"BobWhite_c26329_71","2D",78.7817400915026,38
"BobWhite_c26540_273","5A",34.1052743313458,62
"BobWhite_c26570_282","2A",120.592138409295,53
"BobWhite_c26803_89","2A",23.716920947439,53
"BobWhite_c27244_211","5B",89.4726335526123,75
"BobWhite_c27251_77","7A",157.846753869291,67
"BobWhite_c27355_190","6B",0.833399893309789,64
"BobWhite_c27364_124","6B",122.182553894441,64
"BobWhite_c27438_81","1A",111.731920712747,52
"BobWhite_c27445_148","5A",3.40966632682634,62
"BobWhite_c27474_124","1A",28.6178869690363,52
"BobWhite_c27474_124","1B",34.9787516920246,87
"BobWhite_c27474_204","1B",22.251398101074,87
"BobWhite_c27474_65","1B",35.8493142255138,87
"BobWhite_c27519_173","7B",57.5851156032714,62
"BobWhite_c27675_201","2B",102.160562754697,82
"BobWhite_c27816_523","2B",94.0795307120591,82
"BobWhite_c28058_232","7B",122.299726207309,62
"BobWhite_c28090_175","3B",54.5079415122176,63
"BobWhite_c28133_87","1D",64.6627637662372,26
"BobWhite_c28409_462","6B",64.1020697396899,64
"BobWhite_c28819_787","2A",106.367019806488,53
"BobWhite_c2892_167","7B",171.295298667814,62
"BobWhite_c28958_178","5B",49.3326532883417,75
"BobWhite_c29014_241","3D",168.248399575758,23
"BobWhite_c29014_449","3D",163.563527178367,23
"BobWhite_c29089_108","7B",126.223004268234,62
"BobWhite_c2949_1083","2B",46.2868884436834,82
"BobWhite_c29572_73","2B",91.1683549527199,82
"BobWhite_c2957_369","3B",54.6207281357775,63
"BobWhite_c29596_649","2B",120.996510356245,82
"BobWhite_c2963_1532","2B",16.6752732314746,82
"BobWhite_c29647_243","3B",59.7237089877109,63
"BobWhite_c29857_228","5D",60.0341875038936,26
"BobWhite_c2988_493","2B",53.3888039349139,82
"BobWhite_c30009_285","3A",61.1748073751783,45
"BobWhite_c30112_275","2B",84.1401538289557,82
"BobWhite_c30423_262","6B",65.0904458995586,64
"BobWhite_c30500_527","6B",75.4357846937737,64
"BobWhite_c30500_527","6D",110.047102479397,15
"BobWhite_c30520_281","2B",59.6363665493066,82
"BobWhite_c30520_281","2D",10.3189075930326,38
"BobWhite_c30520_323","2B",31.9577238525948,82
"BobWhite_c30538_421","7A",152.695758494451,67
"BobWhite_c30622_180","2B",71.0783799549468,82
"BobWhite_c30662_274","7B",80.0574876455721,62
"BobWhite_c30930_192","6A",75.9115923752698,54
"BobWhite_c30990_228","5D",206.965914200742,26
"BobWhite_c31037_81","5A",15.5029370129024,62
"BobWhite_c31126_139","6D",18.9645177275819,15
"BobWhite_c31195_268","5A",13.9160492403901,62
"BobWhite_c31233_453","3A",99.4662654347761,45
"BobWhite_c31268_254","2B",123.500160468293,82
"BobWhite_c31322_391","1A",145.008197639339,52
"BobWhite_c3146_128","2B",116.441856849327,82
"BobWhite_c31470_532","1A",2.16285647701558,52
"BobWhite_c31523_130","2B",95.3068051197897,82
"BobWhite_c31562_95","3A",154.678185084889,45
"BobWhite_c31565_576","5B",63.7465814921815,75
"BobWhite_c31565_664","5B",71.3891206248878,75
"BobWhite_c31673_617","6A",89.1628269308554,54
"BobWhite_c31875_102","2A",31.6854346347868,53
"BobWhite_c3194_125","6B",70.7818607592309,64
"BobWhite_c3200_1003","3B",117.613545656122,63
"BobWhite_c32217_147","4A",42.5154047188602,49
"BobWhite_c32226_104","2A",117.269402201494,53
"BobWhite_c32347_219","7A",220.383395427749,67
"BobWhite_c32372_186","6A",95.7628622851537,54
"BobWhite_c32377_278","6A",50.2699195440407,54
"BobWhite_c32574_139","4A",116.489215947131,49
"BobWhite_c3259_96","4A",152.232977872335,49
"BobWhite_c32601_108","6B",79.0837314399258,64
"BobWhite_c3266_501","4A",63.1745470156705,49
"BobWhite_c3269_141","7B",89.081909870423,62
"BobWhite_c32785_874","5B",194.907753217589,75
"BobWhite_c3283_54","1D",112.252380092853,26
"BobWhite_c32911_243","6B",71.6199425419808,64
"BobWhite_c32978_78","7B",56.295924041238,62
"BobWhite_c32981_113","6A",38.1527016955634,54
"BobWhite_c33069_114","6B",51.6760541405962,64
"BobWhite_c33103_439","7A",67.1394505330666,67
"BobWhite_c33103_476","7A",55.9660600542112,67
"BobWhite_c332_340","3D",138.942139745757,23
"BobWhite_c33300_159","7A",42.1955535719806,67
"BobWhite_c33438_172","7B",74.6821548050853,62
"BobWhite_c33540_69","7B",108.927161781929,62
"BobWhite_c33898_150","4A",96.7883727887344,49
"BobWhite_c33909_119","5A",2.61572870060978,62
"BobWhite_c34068_833","7A",201.837566122564,67
"BobWhite_c34068_833","7B",129.208234347317,62
"BobWhite_c34068_854","7B",138.693063328484,62
"BobWhite_c34170_95","6B",60.9665431178192,64
"BobWhite_c34267_459","1B",89.8609569847454,87
"BobWhite_c3428_233","2D",75.9297528265978,38
"BobWhite_c34318_375","6B",35.0168143317892,64
"BobWhite_c34385_90","2B",87.5819605591825,82
"BobWhite_c34548_96","3A",85.9635580404586,45
"BobWhite_c34551_714","7A",117.136998116121,67
"BobWhite_c34759_227","5B",99.0389576402462,75
"BobWhite_c35035_85","6A",123.314057652813,54
"BobWhite_c35250_155","1D",185.504026409884,26
"BobWhite_c35303_192","3A",92.0330457809421,45
"BobWhite_c35398_181","3B",103.319013572784,63
"BobWhite_c35402_66","4A",62.9872253708561,49
"BobWhite_c35484_282","1B",85.7162471313696,87
"BobWhite_c36054_53","5B",58.0524294403357,75
"BobWhite_c36070_89","6A",43.7149075570636,54
"BobWhite_c36118_246","3A",7.44983138093067,45
"BobWhite_c36228_53","6B",52.0568961762117,64
"BobWhite_c362_597","3B",3.98263364034991,63
"BobWhite_c3656_1155","4A",100.670417990383,49
"BobWhite_c3670_657","7A",126.874994647043,67
"BobWhite_c36864_159","7B",50.4675030674229,62
"BobWhite_c3693_85","2B",103.455266682663,82
"BobWhite_c3714_659","6A",15.50442933251,54
"BobWhite_c37248_61","6B",77.8557019874631,64
"BobWhite_c37325_92","3A",43.6175534804648,45
"BobWhite_c37358_208","1A",130.080244684892,52
"BobWhite_c37766_677","1D",169.201205268752,26
"BobWhite_c37803_125","5B",50.3369129398637,75
"BobWhite_c37935_124","1A",78.7278183297236,52
"BobWhite_c38444_238","3A",135.778778491499,45
"BobWhite_c38499_346","5B",87.7268033459564,75
"BobWhite_c3871_1170","2D",80.5209738472248,38
"BobWhite_c3871_1596","2B",124.130042233331,82
"BobWhite_c38713_202","2D",100.375402415507,38
"BobWhite_c38716_323","2A",107.729625231499,53
"BobWhite_c3871_903","2D",70.2891337123946,38
"BobWhite_c38741_108","5B",156.664810981182,75
"BobWhite_c38741_143","5B",147.341291542527,75
"BobWhite_c39214_164","5B",141.940114359137,75
"BobWhite_c39269_243","1B",36.6300212857989,87
"BobWhite_c39444_127","6A",128.972646693031,54
"BobWhite_c39480_122","3B",61.1856447821801,63
"BobWhite_c39489_116","2B",141.517621007029,82
"BobWhite_c39656_106","1B",113.009410880852,87
"BobWhite_c39668_143","1A",134.386126876924,52
"BobWhite_c3975_995","4D",72.8808180001913,8
"BobWhite_c39769_102","2B",134.714083791995,82
"BobWhite_c39772_216","7B",87.1341986732089,62
"BobWhite_c39821_167","6D",23.8346349571513,15
"BobWhite_c39901_338","1B",124.975382211577,87
"BobWhite_c3995_536","5B",98.652801664958,75
"BobWhite_c40042_842","7B",87.9366010552137,62
"BobWhite_c4004_61","5A",43.8620062764122,62
"BobWhite_c4022_1787","3B",75.6930480216469,63
"BobWhite_c40244_73","3B",90.9611594357068,63
"BobWhite_c40348_238","5A",3.40085124031352,62
"BobWhite_c4048_247","4A",56.2642141474148,49
"BobWhite_c40561_305","2D",51.0194591407028,38
"BobWhite_c4057_365","3A",1.79027808194803,45
"BobWhite_c40583_146","7A",125.291545496458,67
"BobWhite_c40602_313","6A",125.570237427131,54
"BobWhite_c40643_370","5A",86.3143119859989,62
"BobWhite_c40868_120","1B",123.697993054525,87
"BobWhite_c41006_413","2A",89.4719701471166,53
"BobWhite_c41441_185","7B",60.2700799306314,62
"BobWhite_c41574_185","6B",33.201500908392,64
"BobWhite_c41673_67","1B",81.265894990971,87
"BobWhite_c41725_430","5B",33.5493111798112,75
"BobWhite_c41815_145","7A",127.634203517614,67
"BobWhite_c41827_763","4B",72.2007461648282,37
"BobWhite_c42122_104","4B",83.759597887046,37
"BobWhite_c42252_276","1A",19.4059662506536,52
"BobWhite_c42252_276","6B",34.9232400573833,64
"BobWhite_c4240_78","7B",171.750631004479,62
"BobWhite_c4264_238","4D",77.594813000071,8
"BobWhite_c42663_70","4B",123.624065407841,37
"BobWhite_c42716_71","1B",90.9807516448978,87
"BobWhite_c42781_98","3B",63.0961391023084,63
"BobWhite_c42875_115","2A",104.46699889319,53
"BobWhite_c43213_184","3A",86.5430971249143,45
"BobWhite_c4336_127","5A",53.2401522267462,62
"BobWhite_c43557_103","7B",190.436506802903,62
"BobWhite_c43636_96","7B",75.1394602066815,62
"BobWhite_c43681_334","3A",97.1783435570854,45
"BobWhite_c4384_262","1A",59.2270404529568,52
"BobWhite_c4384_262","1D",90.0314998630181,26
"BobWhite_c4384_262","7D",142.378887762101,32
"BobWhite_c43_86","5B",141.462456323791,75
"BobWhite_c43917_288","1B",85.9960409022506,87
"BobWhite_c44165_388","4B",53.7839145838183,37
"BobWhite_c44165_441","1B",52.3646092991465,87
"BobWhite_c44175_495","2A",103.553370391346,53
"BobWhite_c44224_71","1A",73.5786615105274,52
"BobWhite_c44324_227","5A",1.53407087392228,62
"BobWhite_c44364_145","3D",13.3447992832287,23
"BobWhite_c44364_190","3A",23.9209924301133,45
"BobWhite_c44364_190","3D",1.54431217995594,23
"BobWhite_c44641_134","5B",59.0959489614996,75
"BobWhite_c44678_60","4B",76.3609533201847,37
"BobWhite_c4471_636","6B",67.5270492521496,64
"BobWhite_c44762_182","7A",132.907591549131,67
"BobWhite_c4481_96","7B",72.5509645848155,62
"BobWhite_c4482_125","1D",176.771102134648,26
"BobWhite_c4482_73","1B",179.249761480463,87
"BobWhite_c4483_603","7A",234.800406107819,67
"BobWhite_c44947_277","1A",155.047591814456,52
"BobWhite_c45029_145","2A",83.702001162383,53
"BobWhite_c45091_53","6B",72.2319755634069,64
"BobWhite_c45183_144","2D",73.6121388168531,38
"BobWhite_c45204_251","1D",162.883525508252,26
"BobWhite_c45316_290","1A",138.031877374413,52
"BobWhite_c45316_290","1D",179.840982391831,26
"BobWhite_c45340_368","5B",48.7808908657747,75
"BobWhite_c45353_232","7B",70.2998183884139,62
"BobWhite_c45409_389","1A",64.4331442399377,52
"BobWhite_c45534_535","3A",122.584845354285,45
"BobWhite_c45623_215","3B",65.8331664010677,63
"BobWhite_c45737_97","6B",55.2782180815302,64
"BobWhite_c46007_582","1A",86.3825219485624,52
"BobWhite_c46071_74","4A",54.1313381308514,49
"BobWhite_c46203_1055","5B",67.8139321580776,75
"BobWhite_c46334_178","3B",79.6578537519618,63
"BobWhite_c46338_76","5A",70.0595910090131,62
"BobWhite_c46416_247","5B",173.706769422817,75
"BobWhite_c46501_92","1A",57.6534544377611,52
"BobWhite_c46650_260","3B",56.133759152081,63
"BobWhite_c46765_212","7D",101.108643301306,32
"BobWhite_c46772_564","7B",72.1745321818812,62
"BobWhite_c46889_78","2B",102.132377303327,82
"BobWhite_c46938_314","4B",27.1611688747393,37
"BobWhite_c46988_956","6B",112.047289949912,64
"BobWhite_c47099_193","7A",240.544480666072,67
"BobWhite_c47099_193","7B",172.69063450413,62
"BobWhite_c4712_607","6B",28.9012588979633,64
"BobWhite_c47143_592","6A",99.3776314941029,54
"BobWhite_c47144_153","4B",107.836155516746,37
"BobWhite_c47168_598","4A",138.364283701218,49
"BobWhite_c47283_127","7A",122.257776787852,67
"BobWhite_c47357_535","2B",115.664011993985,82
"BobWhite_c47456_121","5B",61.5134590694379,75
"BobWhite_c4773_85","5B",61.7114862716032,75
"BobWhite_c47831_87","6B",71.4192803602417,64
"BobWhite_c4810_190","4B",77.8196449183088,37
"BobWhite_c48301_178","5A",58.4189170135575,62
"BobWhite_c4831_490","2B",84.7458891936318,82
"BobWhite_c48447_529","1A",9.97380315880225,52
"BobWhite_c48447_529","1B",58.4456542968462,87
"BobWhite_c48447_529","1D",42.0303185652045,26
"BobWhite_c48455_818","4A",52.1521274749011,49
"BobWhite_c48481_81","2A",43.9934705223095,53
"BobWhite_c48540_148","7A",149.130395106878,67
"BobWhite_c48591_394","1A",54.3488384949694,52
"BobWhite_c4874_238","6B",105.155582609623,64
"BobWhite_c4905_267","5B",128.744996998009,75
"BobWhite_c4931_62","4A",54.4140924987834,49
"BobWhite_c4942_140","1A",86.3804516762522,52
"BobWhite_c4960_869","2B",90.9241364894448,82
"BobWhite_c50_411","1B",119.042974844507,87
"BobWhite_c5046_372","7B",154.931517432546,62
"BobWhite_c5072_107","2B",66.6707896328775,82
"BobWhite_c5095_634","3B",72.9888687800978,63
"BobWhite_c51109_415","5A",10.8501691552491,62
"BobWhite_c5174_467","5B",112.755824923648,75
"BobWhite_c5178_188","2A",151.939307348445,53
"BobWhite_c5191_362","2B",129.403072444704,82
"BobWhite_c5191_563","2B",124.575524636188,82
"BobWhite_c5212_244","7A",150.237226518377,67
"BobWhite_c5235_710","7A",148.317594532933,67
"BobWhite_c5242_400","1A",107.906404637772,52
"BobWhite_c5276_631","3B",135.442503274967,63
"BobWhite_c5276_631","3D",135.848060827886,23
"BobWhite_c534_837","6A",47.2351635875066,54
"BobWhite_c5356_1272","1A",88.6162142360141,52
"BobWhite_c5411_143","3B",62.5768483832746,63
"BobWhite_c5419_643","1D",64.4716669010346,26
"BobWhite_c54480_387","3B",4.32462164571158,63
"BobWhite_c545_186","3A",101.155402701108,45
"BobWhite_c545_186","3B",89.6316080692883,63
"BobWhite_c5456_805","5B",44.4857835061544,75
"BobWhite_c5511_323","2B",69.3740219400097,82
"BobWhite_c5543_492","2B",116.854945146274,82
"BobWhite_c55576_80","3B",71.015615712645,63
"BobWhite_c5640_282","4A",68.4057462419722,49
"BobWhite_c5668_115","2B",32.0098661406915,82
"BobWhite_c57026_133","5A",43.5378275040281,62
"BobWhite_c5704_517","7B",70.2775213951895,62
"BobWhite_c5725_1681","7B",80.4715698422031,62
"BobWhite_c57389_267","4D",105.380635104555,8
"BobWhite_c5748_756","5A",69.1157991146676,62
"BobWhite_c5756_163","2A",164.237370127312,53
"BobWhite_c5756_163","2D",101.752173468062,38
"BobWhite_c5756_516","2D",98.1378904731505,38
"BobWhite_c5756_532","2B",178.345562641014,82
"BobWhite_c5757_260","1B",56.6497413076507,87
"BobWhite_c5847_919","6D",154.177786776748,15
"BobWhite_c5851_362","3A",104.388423957471,45
"BobWhite_c5852_685","2B",106.595435583914,82
"BobWhite_c588_2128","5A",21.7950386689136,62
"BobWhite_c5899_212","5D",49.7978472686966,26
"BobWhite_c59161_181","2D",31.1815295228955,38
"BobWhite_c5917_529","5A",41.1737061075776,62
"BobWhite_c59494_113","3B",67.6686515513263,63
"BobWhite_c5979_140","2A",110.687657869151,53
"BobWhite_c5979_140","2D",34.6298333479253,38
"BobWhite_c60093_205","3D",161.405881601398,23
"BobWhite_c6016_715","3D",2.33350543904281,23
"BobWhite_c6017_1096","5B",118.966992260161,75
"BobWhite_c6017_1147","5B",140.208047321932,75
"BobWhite_c6032_343","2A",43.6867749534347,53
"BobWhite_c6055_185","2D",41.3065563850707,38
"BobWhite_c6077_471","7A",139.570224515793,67
"BobWhite_c609_414","3B",68.0881132747776,63
"BobWhite_c6094_740","5B",64.3659330825171,75
"BobWhite_c6178_252","4B",64.363044177088,37
"BobWhite_c6178_393","4B",58.7706946499767,37
"BobWhite_c6244_144","5A",54.9058247738711,62
"BobWhite_c62702_587","3B",46.1740293826111,63
"BobWhite_c634_420","3B",67.3297963651696,63
"BobWhite_c6347_307","1B",55.3286110429398,87
"BobWhite_c63553_527","5A",11.6335683022955,62
"BobWhite_c6367_691","1B",59.9384991049057,87
"BobWhite_c6433_417","1D",167.678554765782,26
"BobWhite_c6463_340","2A",30.3293063664474,53
"BobWhite_c64932_360","7A",144.570332419792,67
"BobWhite_c6527_222","6A",0.478325395149502,54
"BobWhite_c65538_72","7A",142.126465089777,67
"BobWhite_c6558_234","1A",32.9148128788188,52
"BobWhite_c6597_641","6A",84.2327248702592,54
"BobWhite_c662_148","2B",82.2624335465396,82
"BobWhite_c6633_240","5B",68.1113971221161,75
"BobWhite_c6633_288","5B",76.9042507623279,75
"BobWhite_c6685_1922","5B",157.18065549985,75
"BobWhite_c6759_365","5A",49.1416874361614,62
"BobWhite_c6771_697","2B",72.2379856079946,82
"BobWhite_c6820_199","1A",141.874131386322,52
"BobWhite_c686_387","6B",72.377729393663,64
"BobWhite_c6998_365","1D",98.550824465343,26
"BobWhite_c7070_196","5B",85.0851418285203,75
"BobWhite_c7082_184","7A",130.882872004681,67
"BobWhite_c7082_196","7B",80.7241488594745,62
"BobWhite_c7090_123","6D",35.6060495376495,15
"BobWhite_c7090_2001","6D",22.8202460395955,15
"BobWhite_c7090_522","6D",24.6264110982721,15
"BobWhite_c7114_237","5A",30.1018961479563,62
"BobWhite_c7145_355","2B",17.8673828151704,82
"BobWhite_c7235_365","4A",27.7502539987638,49
"BobWhite_c7263_337","5D",55.3624622241779,26
"BobWhite_c7333_76","1B",55.9173252051123,87
"BobWhite_c7406_394","4A",140.921443699676,49
"BobWhite_c7406_394","5B",20.9820266720024,75
"BobWhite_c7454_492","3B",10.9528180982333,63
"BobWhite_c7544_545","7B",83.740789483775,62
"BobWhite_c7551_418","2A",134.977941755259,53
"BobWhite_c756_886","5B",69.5684321555969,75
"BobWhite_c7604_181","5D",187.629426897156,26
"BobWhite_c7630_82","5B",51.028312975152,75
"BobWhite_c7711_1448","5A",24.4779453827051,62
"BobWhite_c7786_376","2B",97.4852530059824,82
"BobWhite_c7851_202","3A",195.829284372883,45
"BobWhite_c8027_421","7B",69.935288709446,62
"BobWhite_c8037_778","5B",173.562389467745,75
"BobWhite_c8076_300","7A",110.223660727932,67
"BobWhite_c8085_498","2A",62.0216358097873,53
"BobWhite_c8202_245","5A",68.7096742331251,62
"BobWhite_c8249_58","2A",111.962768637378,53
"BobWhite_c82_578","6A",83.7847871170147,54
"BobWhite_c8293_236","1B",121.194280921888,87
"BobWhite_c8322_303","5A",8.73743505030329,62
"BobWhite_c8322_303","5D",78.7417703523953,26
"BobWhite_c8340_511","3A",95.2856161846141,45
"BobWhite_c836_422","5D",60.6119439953585,26
"BobWhite_c8448_107","5A",12.5534456420824,62
"BobWhite_c8454_782","7D",27.1992686276827,32
"BobWhite_c8664_94","2B",102.428282249338,82
"BobWhite_c8680_993","4A",139.01849163705,49
"BobWhite_c8796_599","2A",90.6294128447855,53
"BobWhite_c8796_599","7A",42.6446203313781,67
"BobWhite_c8824_1590","2D",91.2164618060046,38
"BobWhite_c8906_83","5A",145.841840240925,62
"BobWhite_c892_73","2B",101.328516026851,82
"BobWhite_c895_2385","7A",30.6573375825772,67
"BobWhite_c9023_572","7B",77.5222203288232,62
"BobWhite_c9117_593","5D",127.467793120955,26
"BobWhite_c923_208","2B",155.005598785712,82
"BobWhite_c9238_82","7A",140.723132091033,67
"BobWhite_c9249_564","3A",40.4629485429932,45
"BobWhite_c9277_295","3B",155.693621782476,63
"BobWhite_c9316_300","1B",61.8272882789269,87
"BobWhite_c9330_499","6B",44.5358025122375,64
"BobWhite_c9468_478","3A",86.8477517416109,45
"BobWhite_c9505_515","2A",113.655451738276,53
"BobWhite_c9563_377","6B",69.8004783089582,64
"BobWhite_c9564_154","2D",43.7198749066523,38
"BobWhite_c9589_56","4B",5.57646099319524,37
"BobWhite_c9622_723","3D",132.332704129085,23
"BobWhite_c9648_263","6A",74.2646482165854,54
"BobWhite_c9690_94","2B",112.306195044263,82
"BobWhite_c9711_1220","7A",156.10750197152,67
"BobWhite_c9732_444","3A",155.936334224094,45
"BobWhite_c9778_356","7D",136.206456820991,32
"BobWhite_c9843_117","2B",45.5674078002756,82
"BobWhite_c9850_306","3B",7.17270188941326,63
"BobWhite_c9931_915","5A",56.2008845663956,62
"BobWhite_rep_c48757_939","5D",60.9756647989943,26
"BobWhite_rep_c49050_1476","7B",84.1073755631579,62
"BobWhite_rep_c49133_71","1B",84.3477364583789,87
"BobWhite_rep_c49149_530","1B",77.1260446272117,87
"BobWhite_rep_c49176_485","5A",22.2775174839493,62
"BobWhite_rep_c49307_85","5A",6.07481242425436,62
"BobWhite_rep_c49374_295","3D",15.1346242555058,23
"BobWhite_rep_c49374_348","3A",37.1267084044288,45
"BobWhite_rep_c49390_455","7B",82.218211620877,62
"BobWhite_rep_c49432_162","2A",105.283887444634,53
"BobWhite_rep_c49523_266","6B",59.4760158698136,64
"BobWhite_rep_c49523_266","7B",68.4564138094235,62
"BobWhite_rep_c49610_521","1B",58.3186553801173,87
"BobWhite_rep_c49700_452","5A",24.7859271846078,62
"BobWhite_rep_c49755_131","1A",119.519507391445,52
"BobWhite_rep_c49783_60","5B",41.2999362835753,75
"BobWhite_rep_c49790_351","7A",144.653537808764,67
"BobWhite_rep_c49803_201","6D",111.576864063116,15
"BobWhite_rep_c49823_721","7B",76.8479863164329,62
"BobWhite_rep_c49910_432","7B",74.1976898770872,62
"BobWhite_rep_c49979_373","5A",37.0973929455402,62
"BobWhite_rep_c49997_147","7A",127.389025084284,67
"BobWhite_rep_c49999_538","7A",203.558785890394,67
"BobWhite_rep_c49999_538","7B",144.944065876069,62
"BobWhite_rep_c50057_164","1B",139.394555097511,87
"BobWhite_rep_c50058_84","1B",77.9477217527605,87
"BobWhite_rep_c50066_63","5B",5.68964860088346,75
"BobWhite_rep_c50229_413","7B",64.734204555694,62
"BobWhite_rep_c50275_373","7B",78.0380444087703,62
"BobWhite_rep_c50285_616","4A",151.536573027052,49
"BobWhite_rep_c50362_537","5B",68.1728984371495,75
"BobWhite_rep_c50457_813","3B",67.5331999895187,63
"BobWhite_rep_c50492_500","3B",139.415244794127,63
"BobWhite_rep_c50492_500","3D",172.768776235883,23
"BobWhite_rep_c50828_195","2D",61.0473657622644,38
"BobWhite_rep_c50888_306","5A",61.8346017652357,62
"BobWhite_rep_c50998_607","2B",98.755537038576,82
"BobWhite_rep_c51148_229","2B",119.446205471437,82
"BobWhite_rep_c51268_248","1B",55.1124862190288,87
"BobWhite_rep_c51577_118","7B",81.6188096253934,62
"BobWhite_rep_c51744_51","5B",172.306965236894,75
"BobWhite_rep_c52270_315","7A",152.894510485468,67
"BobWhite_rep_c54428_88","7A",122.536059573384,67
"BobWhite_rep_c55038_245","3A",112.761003001862,45
"BobWhite_rep_c55551_53","3A",88.0437138678662,45
"BobWhite_rep_c60245_107","5B",141.15363527058,75
"BobWhite_rep_c60452_158","4B",66.941476422187,37
"BobWhite_rep_c61027_274","5B",16.8361785757721,75
"BobWhite_rep_c61555_115","5B",67.5230133742592,75
"BobWhite_rep_c61602_139","2B",127.719712314301,82
"BobWhite_rep_c61884_158","3B",69.7762314964474,63
"BobWhite_rep_c62441_335","7A",152.269968490192,67
"BobWhite_rep_c62475_70","5B",77.8491448602588,75
"BobWhite_rep_c62671_317","7A",216.704507460753,67
"BobWhite_rep_c62787_74","7A",149.909370190416,67
"BobWhite_rep_c62955_567","1B",181.251890238905,87
"BobWhite_rep_c62964_873","2A",104.394454786038,53
"BobWhite_rep_c62985_546","1B",49.8966583185627,87
"BobWhite_rep_c63109_314","3B",136.284362311903,63
"BobWhite_rep_c63264_629","1D",151.52972860977,26
"BobWhite_rep_c63278_349","1A",69.0187441717647,52
"BobWhite_rep_c63300_279","3B",36.368584501508,63
"BobWhite_rep_c63350_277","4A",170.144674625852,49
"BobWhite_rep_c63648_306","5B",61.2653853703921,75
"BobWhite_rep_c63804_353","6B",60.3614400334666,64
"BobWhite_rep_c63819_182","1A",75.007206930548,52
"BobWhite_rep_c63889_327","1D",149.153023588033,26
"BobWhite_rep_c63957_1472","2D",3.04732447397349,38
"BobWhite_rep_c64018_60","5D",115.538797584561,26
"BobWhite_rep_c64049_232","2B",99.8566775670196,82
"BobWhite_rep_c64260_207","5B",85.1388864110891,75
"BobWhite_rep_c64429_422","2A",26.2162930719283,53
"BobWhite_rep_c64534_141","4A",170.927450962175,49
"BobWhite_rep_c64534_141","7A",39.8776185683511,67
"BobWhite_rep_c64680_305","2A",100.616337441266,53
"BobWhite_rep_c64736_316","1D",71.9050465138959,26
"BobWhite_rep_c64920_402","1B",77.276981120274,87
"BobWhite_rep_c65013_174","4A",49.6781439473876,49
"BobWhite_rep_c65070_369","7A",136.359829722096,67
"BobWhite_rep_c65100_456","4A",59.6820556516164,49
"BobWhite_rep_c65414_125","2D",69.172445374666,38
"BobWhite_rep_c65513_261","4A",157.423863479405,49
"BobWhite_rep_c65513_261","5B",87.1089231861892,75
"BobWhite_rep_c65565_359","1D",74.3672196779668,26
"BobWhite_rep_c65669_295","6A",1.66010917532706,54
"BobWhite_rep_c65812_710","1A",122.731508159122,52
"BobWhite_rep_c65857_582","6A",58.4676014419156,54
"BobWhite_rep_c65997_228","6B",111.144990529453,64
"BobWhite_rep_c66020_333","1B",96.8014504467403,87
"BobWhite_rep_c66020_333","4B",86.6172001061904,37
"BobWhite_rep_c66108_166","6B",108.932814656332,64
"BobWhite_rep_c66224_103","3B",48.7867373360244,63
"BobWhite_rep_c66337_650","7A",138.601257664964,67
"BobWhite_rep_c66361_594","4A",140.057647893092,49
"BobWhite_rep_c66990_238","3D",112.381712565669,23
"BobWhite_rep_c67195_576","6A",137.034836111628,54
"BobWhite_rep_c67729_312","3A",49.0244982629962,45
"BobWhite_s63351_73","1B",65.6933237143773,87
"BobWhite_s64871_104","1B",154.620726246391,87
"BobWhite_s65081_93","3A",96.4672852006574,45
"BobWhite_s66944_58","5B",47.1393444351487,75
"BobWhite_s66966_118","4A",130.26035484037,49
"BobWhite_s67399_107","6A",158.635570645378,54
"BobWhite_s67516_159","3A",46.6420607957303,45
"BobWhite_s67545_88","5D",186.342255617946,26
"BobWhite_s67669_117","5D",53.7651982932706,26
"BS00000020_51","5D",103.168754485103,26
"BS00000297_51","2A",110.454821428644,53
"BS00000445_51","3A",101.632055624063,45
"BS00000592_51","5B",112.759970488631,75
"BS00000744_51","1D",5.02982447472697,26
"BS00001478_51","3A",66.8313533390446,45
"BS00002191_51","5B",63.0921529128963,75
"BS00002208_51","5B",52.9156668428303,75
"BS00002491_51","7A",132.819658828357,67
"BS00003119_51","3D",156.657877650694,23
"BS00003185_51","6A",105.512983594701,54
"BS00003214_51","6B",41.7308933323875,64
"BS00003568_51","6D",143.345321513892,15
"BS00003593_51","6B",6.56922162494306,64
"BS00003622_51","6B",10.8370116115344,64
"BS00003632_51","6A",26.0130186459518,54
"BS00003633_51","1B",107.584998713244,87
"BS00003655_51","5B",124.416743455791,75
"BS00003736_51","5B",65.3568038528016,75
"BS00003743_51","1B",76.2392160701325,87
"BS00003748_51","6B",4.48573451509252,64
"BS00003786_51","6A",12.8299147717286,54
"BS00003786_51","6D",22.562520332855,15
"BS00003802_51","1A",34.2861846776578,52
"BS00003813_51","1A",74.1640430096096,52
"BS00003839_51","1B",57.0213812893347,87
"BS00003866_51","4A",49.7764897418012,49
"BS00003867_51","2A",43.4497186269044,53
"BS00003891_51","6B",37.5768075301387,64
"BS00003897_51","6B",56.1710406215457,64
"BS00003914_51","4A",25.5699695005067,49
"BS00003932_51","3D",10.7796463945558,23
"BS00003934_51","1B",98.4089844379374,87
"BS00004012_51","4B",124.111782506333,37
"BS00004016_51","6B",54.4651117297224,64
"BS00004040_51","2D",17.7071879186932,38
"BS00004089_51","2A",35.3790800533344,53
"BS00004257_51","7A",163.363721293359,67
"BS00004316_51","1B",67.1764525637366,87
"BS00004322_51","2D",94.2870683569882,38
"BS00004328_51","1B",117.940935680175,87
"BS00004374_51","6A",139.938557231681,54
"BS00004399_51","1A",66.3486637440309,52
"BS00004465_51","1B",59.458608631994,87
"BS00004466_51","6A",138.115409780622,54
"BS00004637_51","1B",54.2971036928163,87
"BS00004724_51","2A",80.9016926937964,53
"BS00004903_51","1A",34.1736193308968,52
"BS00004903_51","1B",31.8310061513989,87
"BS00006033_51","1B",109.084880268583,87
"BS00006788_51","2A",23.0109673955505,53
"BS00006820_51","1B",44.5577929801984,87
"BS00006822_51","3A",136.601387997719,45
"BS00007689_51","2A",148.393784186695,53
"BS00007689_51","2D",104.382034454229,38
"BS00008627_51","4B",100.198649648911,37
"BS00009104_51","1A",125.506500809497,52
"BS00009331_51","6A",45.2917043435641,54
"BS00009342_51","4B",74.8203060945605,37
"BS00009399_51","3D",92.5886158817695,23
"BS00009426_51","4B",28.2287023034896,37
"BS00009439_51","4B",78.2468758378194,37
"BS00009458_51","2D",92.2903767606969,38
"BS00009514_51","6A",6.33025459270903,54
"BS00009514_51","6D",15.2062094486446,15
"BS00009565_51","4A",160.779741250426,49
"BS00009637_51","2D",97.5786096630188,38
"BS00009649_51","3A",164.601941368249,45
"BS00009674_51","4A",154.902571928958,49
"BS00009680_51","4A",173.614167270399,49
"BS00009731_51","1B",82.9605326234463,87
"BS00009901_51","2D",94.7332214202368,38
"BS00010087_51","2A",77.2985091396337,53
"BS00010136_51","3A",100.282487647935,45
"BS00010144_51","5D",177.566909732934,26
"BS00010148_51","1B",83.1401923149402,87
"BS00010160_51","2D",15.1407147665192,38
"BS00010184_51","2D",25.8573441544004,38
"BS00010216_51","5D",223.118525711293,26
"BS00010221_51","6A",76.5604314488535,54
"BS00010247_51","6A",74.5515368311091,54
"BS00010267_51","1A",29.5954275712276,52
"BS00010287_51","1A",56.2496328576509,52
"BS00010352_51","1B",59.4596563421539,87
"BS00010377_51","6B",6.05231185840759,64
"BS00010392_51","1B",108.662686906967,87
"BS00010448_51","2A",141.934622135122,53
"BS00010458_51","6A",3.81387755169403,54
"BS00010514_51","2D",27.9567794637841,38
"BS00010531_51","3A",89.0630862152096,45
"BS00010555_51","2A",25.8957072526054,53
"BS00010580_51","6B",12.8604694597283,64
"BS00010685_51","2D",86.5785372890211,38
"BS00010760_51","2A",142.274571315224,53
"BS00010780_51","6A",82.4856345927787,54
"BS00010785_51","3D",14.0874693221105,23
"BS00010868_51","1B",10.2416654284589,87
"BS00010875_51","1B",42.9133237167074,87
"BS00010901_51","2D",74.9824074528926,38
"BS00010932_51","2A",106.82009664812,53
"BS00010940_51","4B",81.6129096578831,37
"BS00010992_51","1B",47.7027183775014,87
"BS00011047_51","2D",86.2399001542843,38
"BS00011085_51","4B",54.4261579575536,37
"BS00011109_51","2D",65.2523004798391,38
"BS00011131_51","6B",33.1232742264693,64
"BS00011146_51","1A",84.7477269811192,52
"BS00011148_51","4D",21.7709987902995,8
"BS00011179_51","7D",164.195783817245,32
"BS00011286_51","1A",80.9748609148828,52
"BS00011333_51","1B",56.6722479907066,87
"BS00011450_51","1B",54.3307474718266,87
"BS00011465_51","1B",71.4432273647809,87
"BS00011479_51","6B",85.2583639774514,64
"BS00011510_51","4B",56.3795456672571,37
"BS00011521_51","1A",147.120937698394,52
"BS00011530_51","6B",45.6463343350814,64
"BS00011596_51","1B",108.033100658922,87
"BS00011795_51","6B",132.371456923284,64
"BS00011935_51","5D",198.049736056799,26
"BS00012012_51","1B",121.4551516628,87
"BS00012034_51","6B",120.644036499737,64
"BS00012042_51","1A",108.532700481547,52
"BS00012210_51","1A",66.4332732726391,52
"BS00012530_51","6B",25.3070429328264,64
"BS00013824_51","1B",71.6362769650456,87
"BS00015519_51","1B",130.190670697849,87
"BS00015608_51","1A",9.93565380525433,52
"BS00015608_51","1B",16.2412082483646,87
"BS00018120_51","4D",93.3363965392664,8
"BS00018707_51","4B",68.7362171894004,37
"BS00019225_51","1B",48.7993207849213,87
"BS00019676_51","4D",6.06073707054826,8
"BS00021667_51","1B",142.060281801226,87
"BS00021722_51","4B",80.922492650539,37
"BS00021876_51","1B",130.09409436482,87
"BS00021877_51","1B",172.906809671697,87
"BS00022058_51","7D",176.217225609839,32
"BS00022177_51","4B",55.5013114852065,37
"BS00022258_51","4B",59.3314855764428,37
"BS00022366_51","4B",105.175191590219,37
"BS00022449_51","7D",19.5766912939322,32
"BS00022463_51","7D",192.37222591083,32
"BS00023217_51","7D",144.962726762621,32
"BS00034509_51","7D",136.647395221217,32
"BS00035732_51","7D",136.526381009936,32
"BS00039197_51","7D",129.198949144829,32
"BS00043018_51","7D",204.482475035673,32
"BS00044260_51","7D",173.834264219773,32
"BS00062644_51","7D",144.495442093131,32
"BS00062738_51","7D",155.471783862617,32
"BS00066209_51","7D",181.551949316787,32
"BS00066770_51","7D",7.6780837349825,32
"BS00066932_51","7D",143.532495887614,32
"BS00073125_51","7D",163.829517277406,32
"BS00073871_51","7D",208.926856073416,32
"BS00074120_51","7D",191.048247530861,32
"BS00074366_51","7D",240.643494947192,32
"BS00083421_51","7D",151.86602441543,32
"BS00096024_51","7D",215.104865715186,32
"BS00108793_51","7D",23.7006555454626,32
"BS00110124_51","7D",26.1791019173499,32
"BS00110642_51","7D",26.927293660612,32
